INSERT INTO accounts (id, password, role, username) VALUES ('402880715fc1de41015fc1e200410000', '$2a$10$JI.9qxz8UA39D0UaTo6MsuFPpsYBh6hy5oMscFqxDvG1OZR.ZAoMe', 'CLIENT', 'client'), ('4028b88160f039850160f039cc890000', '$2a$10$JI.9qxz8UA39D0UaTo6MsuFPpsYBh6hy5oMscFqxDvG1OZR.ZAoMe', 'PROVIDER', 'provider'), ('402880715fc1de41015fc1e200410001', '$2a$10$hsNAa5J1xiNxjJVTLgC74eYLYVPTZWnLrgaCz3BLUmDJ1rDySJCbq', 'CLIENT', 'sys');

INSERT INTO profiles(dtype, id, email, first_name, last_name, account_id) VALUES ('provider', '4028b88160f0b3e30160f0b5933e0000', 'provider@outlook.com', 'provider', 'provider', '4028b88160f039850160f039cc890000');

INSERT INTO categories (id, name) VALUES (1, 'Beauty'), (2, 'Cleaning'), (3, 'Babysitting'), (4, 'Chess'), (5, 'Gardening'), (6, 'Dog walking'), (7, 'Guitar lessons');

INSERT INTO locations (id, name) VALUES (1, 'Cluj-Napoca'), (2, 'Satu Mare'), (3, 'Timisoara'), (4, 'Oradea'), (5, 'Bucuresti'), (6, 'Alba-Iulia'), (7, 'Iasi'), (8, 'Constanta');

INSERT INTO jobs (id, cost, created_at, description, ends_at, title, updated_at, category_id, location_id, owner_id) VALUES (1, 100, '2018-01-01 12:00', 'Cleaner required to work two days a week and cover holiday from time to time. Duties to involve making beds, vacuuming and general cleaning. Work will be mainly weekends, five hours a day.', '2018-06-01 12:00', 'Cleaner wanted', '2018-01-01 12:00', 2, 2, '402880715fc1de41015fc1e200410000'),(2, 50, '2018-01-01 12:00', 'Dog groomer wanted for a poodle, once a month.', '2018-06-01 12:00', 'Dog groomer', '2018-01-01 12:00', 1, 1, '402880715fc1de41015fc1e200410000'),(3, 85, '2018-01-01 12:00', 'Cleaner required for private house with no children. You will be responsible for all house keeping duties to a very high standard with attention to detail.', '2018-06-01 12:00', 'Housekeeper/ Cleaner required', '2018-01-01 12:00', 2, 3, '402880715fc1de41015fc1e200410000'),(4, 120, '2018-01-01 12:00', 'Looking for a loving, reliable nanny 3 days per week for our sweet 13-month-old son.', '2018-06-01 12:00', 'Nanny wanted', '2018-01-01 12:00', 3, 4, '402880715fc1de41015fc1e200410000'),(5, 40, '2018-01-01 12:00', 'Looking for a chess tutor for a 7-year-old boy.', '2018-06-01 12:00', 'Chess tutor', '2018-01-01 12:00', 4, 5, '402880715fc1de41015fc1e200410000'),(6, 100, '2018-01-01 12:00', 'I live in Alba-Iulia and require help once a week to week my garden (which is large). Just pulling out weeds and putting them in a pile over the back of the yard.', '2018-06-01 12:00', 'Gardener Wanted, 2-3 hours per week', '2018-01-01 12:00', 5, 6, '402880715fc1de41015fc1e200410000'),(7, 60, '2018-01-01 12:00', 'Gardener wanted on a permanent part time basis for large garden on acreage property in Cluj Napoca. Duties include weeding, mulching, pruning, whipper snipping, mowing etc.', '2018-06-01 12:00', 'Gardener wanted', '2018-01-01 12:00', 5, 1, '402880715fc1de41015fc1e200410000'),(8, 40, '2018-01-01 12:00', 'I am looking for a dog walker for my 1 year old French bulldog, who is very friendly. Looking for Thursday and Friday between the hours of 11.30 and 2pm. This time is flexible however looking for an hour walk each day in total.', '2018-06-01 12:00', 'Dog walker wanted twice a week for an hour', '2018-01-01 12:00', 6, 2, '402880715fc1de41015fc1e200410000'),(9, 0, '2018-01-01 12:00', 'Dog lovers wanted to look after dogs in their own home while owners are on holiday.', '2018-06-01 12:00', 'Barking Mad Dog Lovers Wanted', '2018-01-01 12:00', 6, 4, '402880715fc1de41015fc1e200410000'),(10, 35, '2018-01-01 12:00', 'I need someone to help teach my kids how to play guitar. It will be an online music class through Skype.', '2018-06-01 12:00', 'Looking for a guitar teacher', '2018-01-01 12:00', 7, 1, '402880715fc1de41015fc1e200410000');